country_name,id,1970,1971,1972,1973,1974,1975,1976,1977,1978,1979,1980,1981,1982,1983,1984,1985,1986,1987,1988,1989,1990,1991,1992,1993,1994,1995,1996,1997,1998,1999,2000,2001,2002,2003,2004,2005,2006,2007,2008,2009,2010,2011,2012,2013,2014,2015,2016,2017,2018
Afghanistan,AFG,1.46,1.42,1.22,1.24,1.31,1.34,1.31,1.3,1.25,1.23,1.24,1.27,1.29,1.33,1.28,1.31,1.08,1.13,1.17,1.09,1.06,1,0.87,0.81,0.76,0.75,0.78,0.81,0.84,0.87,0.74,0.65,0.71,0.71,0.69,0.67,0.66,0.69,0.78,0.85,0.96,1.11,0.99,0.9,0.87,0.84,0.78,0.83,0.81
Albania,ALB,3.69,3.58,3.9,3.59,3.63,3.63,3.8,3.94,4.25,4.6,4.58,4.14,4.26,4.46,4.5,4.25,4.22,4.2,4.07,3.97,3.4,2.65,1.83,1.87,2.11,2.02,1.95,1.71,1.8,2.18,2.24,2.3,2.5,2.57,2.65,2.54,2.57,2.58,2.54,2.57,2.69,2.84,2.74,2.82,2.99,2.93,2.86,3.06,3.06
Algeria,DZA,3.54,3.7,4.91,5.59,4.87,4.55,5.24,5.53,5.88,5.87,5.49,5.06,5.08,5.18,5.25,5.6,5.65,5.45,5.34,5.34,5.23,5.23,5.44,5.49,5.27,5.48,5.42,5.16,5.06,5.19,5.37,5,4.98,5.32,5.18,5.34,5.5,5.4,5.54,5.38,5.45,5.52,5.84,5.8,6.05,6.2,6.14,6.1,6.25
Angola,AGO,2.8,2.72,3.02,3.16,3.16,2.93,2.35,2.87,3.04,3.01,2.96,2.71,2.57,2.66,2.66,2.71,2.76,2.85,2.98,2.92,2.57,2.5,2.36,2.53,3.12,3.47,4.03,4.1,4.28,4.22,3.84,3.6,3.43,3.33,3.49,3.32,2.92,2.8,2.88,2.84,3.04,2.9,2.81,2.89,2.88,2.94,2.84,2.56,2.43
Antigua and Barbuda,ATG,5.01,5.01,5.55,5.93,4.98,6.04,5.4,5.85,6.08,5.83,5.87,5.42,6.83,4.67,5.6,5.62,6,7.76,7.67,7.24,7.32,7.59,7.61,6.9,7.1,7.22,7.09,6.79,6.46,6.46,6.09,5.97,5.94,6.49,6.71,6.52,6.39,6.44,6.45,7.18,6.89,7.38,7.96,8.38,8.22,8.09,7.89,6.27,6.05
Argentina,ARG,9.02,9.01,9.08,9.28,9.14,8.99,9.18,9.39,9.11,9.15,8.86,8.56,8.29,8.33,8.24,7.89,8.1,8.09,8.33,8.18,8.05,8.04,8.03,7.85,8.08,8.13,8.2,8.33,8.35,8.53,8.43,8.19,8.08,8.67,9.12,9.15,9.46,9.55,9.66,9.03,8.97,9.03,9.12,9.07,9.2,9.25,9.25,9.06,8.89
Armenia,ARM,5.25,5.17,5.39,5.67,5.96,6.34,6.4,6.5,6.6,6.72,6.98,6.99,7.06,7,6.94,6.92,6.85,6.82,6.78,6.63,6.81,7.05,4.01,2.25,1.6,1.84,1.58,1.84,1.86,1.76,1.93,1.98,1.84,2.01,2.18,2.45,2.48,2.73,2.94,2.52,2.45,2.68,2.98,2.93,2.93,2.77,2.82,2.91,2.96
Australia,AUS,23.82,23.83,24.3,24.46,25.24,25.63,25.56,25.71,24.79,24.8,25.02,24.82,24.91,23.65,23.96,24.6,24.45,24.72,24.86,25.81,26.27,26.05,25.82,25.68,25.68,25.86,26.42,26.78,27.75,27.8,28.03,28.19,28.37,27.59,28.27,28.16,27.88,27.79,27.21,27.15,26.47,26.25,25.88,25.14,24.41,24.38,24.02,23.96,23.49
Austria,AUT,9.54,9.87,10.15,10.6,10.27,9.94,10.64,10.31,10.61,10.98,10.75,10.29,10,9.99,10.26,10.41,10.2,10.21,10.04,9.92,10.56,11.02,10.22,10.15,10.14,10.47,10.93,10.83,10.85,10.57,10.6,11.17,11.33,11.96,11.88,11.9,11.56,11.14,11.02,10.13,10.84,10.59,10.15,10.19,9.73,9.79,9.78,10.06,9.76
Azerbaijan,AZE,7.88,7.79,8.14,8.59,9.02,9.71,9.95,10.21,10.5,10.77,11.16,11.31,11.38,11.54,11.67,11.7,11.98,12.18,12.15,12.02,9.49,9.04,7.49,6.55,5.82,5.59,4.86,4.75,4.76,4.81,4.99,4.84,4.77,5.09,5.04,5.33,5.44,5.52,6.07,5.31,5.15,5.4,5.71,5.78,5.91,5.82,5.77,5.66,5.66
Bahamas,BHS,19.91,19.59,21.96,23.19,18.85,21.74,18.72,20.28,20.65,19.35,18.79,18.22,15.03,11.73,11.6,9.91,10.37,12.17,10.9,11.47,11.71,10.84,9.29,8.83,9.49,10.9,12.12,11.19,12.16,10.92,11.65,11.64,11.17,8.41,9.17,8.41,9.13,10.01,9.58,7.93,8.37,8.01,9.58,9.42,8.89,8.26,8.28,6.75,6.52
Bahrain,BHR,73.76,71.32,67.26,70.78,72.54,61.99,61.13,65.67,61.31,60.13,57.09,55.49,53.55,51.79,50.62,51.79,54.97,51.46,51.73,50.37,56.37,52.33,58.82,61.34,59.94,58.16,58.83,53.98,54.85,55.67,54.2,53.16,50.18,47.24,44.28,45.56,44.23,42.03,42.08,40,38.71,37.84,39.33,42.65,43.34,42.5,40.98,39.1,37.81
Bangladesh,BGD,1.83,1.7,1.7,1.69,1.65,1.69,1.62,1.6,1.6,1.58,1.46,1.43,1.41,1.32,1.31,1.31,1.3,1.26,1.24,1.24,1.22,1.18,1.16,1.14,1.13,1.15,1.14,1.12,1.1,1.12,1.12,1.14,1.15,1.16,1.15,1.18,1.2,1.22,1.27,1.29,1.34,1.35,1.37,1.37,1.4,1.46,1.46,1.51,1.54
Barbados,BRB,3.82,3.83,4.24,4.55,3.88,4.6,4.15,4.52,4.63,4.4,4.4,4.54,4.45,4.76,5.21,5.66,6.26,6.28,5.76,5.95,6.01,6.18,6.27,5.66,5.36,5.44,5.05,5.8,5.94,6.18,6.4,6.35,6.1,6.44,6.53,6.43,6.19,5.82,6.6,6.7,6.51,7.3,7.22,7.69,6.59,6.77,6.67,5.58,5.44
Belarus,BLR,10.55,10.6,11.17,11.81,12.16,13.11,13.07,13.43,13.52,13.97,13.95,14.3,14.08,14.09,13.87,13.78,13.76,13.63,13.41,13.03,13.71,13.19,12.02,10.61,9.23,8.4,8.47,8.52,8.36,8.12,7.87,7.79,7.85,7.97,8.44,8.54,8.87,8.76,9.49,9.2,9.74,11.05,11.23,11.16,11.17,10.66,10.68,10.73,11.01
Belgium,BEL,17.47,16.42,17.56,18.12,18.15,16.09,17.03,16.89,17.32,18.26,17.18,15.99,15.12,14.17,14.58,14.31,14.27,14.17,14.21,14.26,14.38,14.73,14.48,14.25,14.81,14.97,15.43,15.06,15.39,14.98,15.19,15.18,14.38,14.75,14.66,14.15,13.84,13.42,13.51,12.62,13.37,12.33,12.06,12.11,11.44,11.81,11.63,11.37,11.35
Belize,BLZ,2.89,2.98,3.16,3.27,3.05,3.38,3.16,3.28,3.3,3.16,3.13,3.02,2.83,2.79,2.95,2.83,3.13,2.87,2.46,2.87,3.31,3.56,3.32,3.05,2.92,2.88,2.6,3.25,3.09,3.13,3,3.05,2.84,2.92,2.78,2.78,2.95,2.81,2.69,2.95,3.01,2.89,3.01,3.24,2.97,3.11,3.07,2.76,2.69
Benin,BEN,0.81,0.82,0.87,0.9,0.87,0.91,0.85,0.87,0.87,0.88,0.9,0.88,0.89,0.9,0.91,0.93,0.85,0.82,0.79,0.76,0.78,0.77,0.77,0.75,0.78,0.72,0.86,0.89,0.86,0.89,0.9,0.95,0.98,1,1.02,1.04,1.17,1.22,1.21,1.23,1.29,1.27,1.23,1.27,1.28,1.3,1.43,1.43,1.5
Bhutan,BTN,2.3,2.26,2.24,2.21,2.2,2.15,2.12,2.1,2.09,2.07,2.06,2.03,2.03,2.06,2.05,2.08,2.07,2.15,1.94,1.89,1.99,2.02,2,1.98,2.08,2.56,2.66,2.66,2.58,2.64,2.47,2.37,2.41,2.29,2.17,2.52,2.46,2.29,2.3,2.63,2.77,3.02,2.94,2.85,2.81,2.93,2.96,2.79,2.93
Bolivia,BOL,5.4,5.52,6.32,6.49,6.33,6.04,6.17,5.68,5.78,5.36,5.15,4.74,4.81,4.87,4.53,4.47,4.04,4.13,4.16,4.31,4.18,4.3,4.43,4.57,4.77,3.84,3.68,4.05,3.65,3.57,3.64,3.34,3.44,3.59,3.7,3.81,3.88,4,4.13,4.18,4.39,4.54,4.78,4.87,4.93,4.88,5.01,5.11,5.16
Bosnia and Herzegovina,BIH,5.31,5.27,4.93,5.25,5.58,5.68,5.24,5.55,5.39,5.28,5.17,5.76,6.23,6.57,6.46,6.6,6.58,6.29,6.1,6.19,7.06,6.52,5.12,4.53,1.56,1.61,1.82,3.2,4.04,4.17,5.15,5.01,5.31,5.38,5.79,5.98,6.54,6.89,7.27,7.24,7.41,8.35,7.88,7.92,7.52,7.56,8.44,8.62,8.75
Botswana,BWA,5,5.01,5.53,5.55,5.84,6.2,7.14,7.44,6.73,6.57,6.57,6.68,6.5,6.02,5.63,5.28,5.25,5.13,5.6,5.87,6.33,5.55,5.58,5.16,5.22,5.73,5.07,5.13,5.51,5.76,5.78,5.51,5.1,4.94,4.94,5.16,5.01,5.02,5.08,5.02,4.75,4.86,5.11,5.1,5.42,5.49,5.18,5.18,5.53
Brazil,BRA,3.7,3.69,3.83,3.99,4.15,4.24,4.5,4.55,4.56,4.64,4.76,4.56,4.5,4.32,4.39,4.41,4.57,4.6,4.6,4.59,4.53,4.61,4.67,4.76,4.88,5.02,4.99,5.09,5.09,5.1,5.25,5.27,5.32,5.47,5.64,5.63,5.6,5.62,5.73,5.54,5.88,6.01,6.13,6.27,6.4,6.26,6.1,6.11,5.97
Brunei Darussalam,BRN,23.49,21.26,25.06,32,34.16,35.29,41.1,41.59,40.1,38.09,43.23,35.03,35.18,35.6,32.58,31.3,29.98,29.55,29.04,28.27,28.73,29.31,28.79,29.35,30,31.04,31.1,32.47,29.24,29.45,30.91,31.51,29.47,32.46,29.83,28.84,37.57,35.49,40.41,36.89,33.74,34.49,33.58,32.03,30.68,28.33,28.81,29.83,29.49
Bulgaria,BGR,10.56,10.57,10.85,10.92,10.98,11.68,11.72,12.01,12.68,13.09,13.43,12.98,13.2,13.02,12.77,12.95,13.08,13.11,13.07,12.92,11.63,10.06,9.63,9.64,9.15,9.07,9.24,9.15,8.71,7.88,7.7,8,7.64,8.46,8.3,8.5,8.69,9.3,8.95,7.91,8.28,9.09,8.48,7.8,8.28,8.71,8.42,8.86,8.48
Burkina Faso,BFA,1.11,1.09,1.02,0.95,0.95,0.97,0.97,0.97,0.99,1.01,1.02,1.03,1.04,1.04,1.05,1.14,1.15,1.17,1.17,1.16,1.17,1.19,1.18,1.17,1.19,1.19,1.2,1.23,1.22,1.16,1.16,1.22,1.2,1.42,1.42,1.44,1.43,1.45,1.48,1.46,1.47,1.47,1.48,1.49,1.46,1.5,1.47,1.49,1.48
Burundi,BDI,0.62,0.61,0.63,0.64,0.64,0.65,0.64,0.64,0.62,0.62,0.55,0.49,0.49,0.48,0.48,0.46,0.49,0.48,0.5,0.48,0.52,0.53,0.51,0.5,0.49,0.5,0.5,0.51,0.49,0.43,0.44,0.47,0.45,0.45,0.46,0.45,0.46,0.49,0.47,0.48,0.5,0.51,0.46,0.52,0.5,0.51,0.53,0.55,0.55
Cabo Verde,CPV,0.89,0.87,0.88,0.88,0.91,0.94,0.95,0.97,0.95,1.02,1.09,1.02,0.64,0.59,0.64,0.66,0.47,0.54,0.61,0.64,0.65,0.69,0.76,0.74,0.72,0.78,0.71,0.75,0.78,0.79,1.27,1.37,1.42,1.37,1.46,1.95,2.02,2.15,2.16,2.06,2.15,2.23,1.97,1.9,1.97,1.97,2.04,2,2.06
Cambodia,KHM,3.45,2.83,2.27,1.66,1.36,1.53,1.49,1.47,1.48,1.26,1.9,1.82,2.13,2.1,1.57,1.92,1.94,1.81,2.1,2.1,2.03,1.9,1.87,1.89,1.66,2.02,1.96,1.95,1.92,1.93,1.84,1.83,1.85,1.96,1.85,2,2.06,2.1,2.13,2.27,2.27,2.33,2.28,2.24,2.26,2.33,2.45,2.56,2.55
Cameroon,CMR,1.1,1.13,1.08,1.06,1.05,1.11,1.11,1.21,1.29,1.49,1.76,1.96,2.01,2.22,2.35,2.69,2.7,2.57,2.28,2.41,2.41,2.28,2.15,2.06,1.96,1.95,1.98,1.93,1.92,1.93,1.97,1.92,1.83,1.81,1.77,1.73,1.66,1.66,1.6,1.59,1.54,1.48,1.48,1.53,1.58,1.68,1.67,1.59,1.6
Canada,CAN,20.89,21.01,21.74,22.52,22.56,21.76,22.01,22.43,22.38,22.96,22.91,21.88,20.71,20.43,21.14,20.93,20.1,20.31,21.27,21.71,21.3,20.85,21.11,21.01,21.59,21.94,22.36,22.71,22.59,22.76,23.32,22.78,22.86,23.19,22.8,22.87,22.43,23.24,22.17,20.78,20.99,21.21,21.03,21.22,21.34,21.23,20.78,20.56,20.62
Central African Rep.,CAF,0.92,0.94,0.97,0.98,1.02,1.02,1.04,1.1,1.17,1.4,1.46,1.46,1.5,1.61,1.53,1.54,1.58,1.57,1.58,1.6,1.62,1.72,1.7,1.68,1.7,1.72,1.73,1.76,1.78,1.78,1.82,1.83,1.84,1.84,1.84,1.86,1.88,2,1.97,1.99,2.02,2.15,2.17,2.18,2.19,2.22,2.29,2.3,2.29
Chad,TCD,2.34,2.33,2.42,2.14,1.74,1.76,1.8,1.89,1.93,1.95,1.96,1.94,1.93,1.88,1.52,1.5,1.54,1.58,1.59,1.61,1.68,2.68,2.71,2.71,2.76,2.8,2.82,2.86,2.89,2.91,2.95,3,3.05,3.14,3.29,3.36,3.4,3.45,3.5,3.57,3.65,3.7,3.79,3.88,3.96,4.19,4.28,4.39,4.42
Chile,CHL,5.07,5.21,5.35,5.19,4.94,4.59,4.54,4.3,4.29,4.45,4.57,4.44,4.06,4,4.04,3.81,3.74,3.73,4.02,4.38,4.3,4.13,4.23,4.34,4.54,4.83,5.25,5.64,5.6,5.76,5.51,5.34,5.31,5.39,5.68,5.67,5.68,6.13,6.32,6.04,6.1,6.62,6.78,6.81,6.36,6.59,6.83,6.89,6.9
China,CHN,2.44,2.44,2.47,2.47,2.44,2.6,2.62,2.77,2.93,2.93,2.86,2.79,2.84,2.91,3.04,3,3.07,3.18,3.29,3.33,3.34,3.41,3.48,3.61,3.74,4.05,4.02,4.01,4.06,4,4.16,4.29,4.53,5.07,5.71,6.33,6.91,7.34,7.44,7.89,8.48,9.17,9.38,9.56,9.55,9.45,9.39,9.5,9.71
Colombia,COL,3.76,3.78,3.79,3.79,3.83,3.91,3.98,3.98,4.05,3.98,3.92,3.89,3.88,3.83,3.74,3.73,3.73,3.79,3.78,3.82,3.83,3.79,3.83,3.88,3.85,3.91,3.85,3.97,3.98,3.63,3.7,3.67,3.6,3.56,3.53,3.59,3.55,3.6,3.59,3.67,3.72,3.76,3.67,3.85,3.84,3.84,4.02,3.82,3.93
Comoros,COM,0.98,0.97,0.96,0.96,0.97,0.96,0.96,0.95,0.93,0.92,0.9,0.86,0.83,0.81,0.79,0.76,0.71,0.77,0.75,0.74,0.76,0.76,0.74,0.73,0.72,0.72,0.71,0.71,0.74,0.74,0.79,0.8,0.8,0.83,0.84,0.82,0.87,0.75,0.76,0.79,0.83,0.79,0.8,0.83,0.8,0.81,0.85,0.93,0.94
Congo,COG,1.81,1.96,2.03,7.53,10.08,6.38,6.17,2.77,2.43,2.43,2.83,3.25,3.46,3.4,3.91,3.81,3.67,3.68,3.92,4.15,4.06,3.92,3.82,3.73,3.33,3.97,4.86,5,5.77,5.73,5.94,5.53,3.61,3.93,4.11,4.84,5.16,4.31,4.14,4.38,4.62,4.31,4.05,3.88,3.86,3.75,3.62,3.8,3.89
Cook Islands,COK,1.25,1.24,1.29,1.48,1.82,1.65,1.99,2.11,2.16,2.35,2.42,4.32,3.97,4.01,3.4,3.73,2.55,2.83,2.83,2.67,2.69,1.98,2.71,2.71,2.91,2.85,2.9,3.03,3.21,3.11,3.42,3.31,2,1.82,2.69,3.99,4.06,3.28,3.47,3.21,3.98,5.52,5.49,5.43,5.66,5.56,5.54,3.74,3.82
Costa Rica,CRI,3.1,3.09,3.2,3.42,3.35,3.41,3.38,3.63,3.71,3.7,3.52,3.48,3.26,3.27,3.27,3.15,3.11,3.1,3.06,3.09,3.08,3.1,3.39,3.31,3.35,3.14,3.04,2.97,3.05,2.91,2.79,2.78,2.74,2.81,2.83,2.79,2.87,3.08,3.07,2.99,2.98,3.08,2.98,3.01,3.05,2.97,3.09,3.12,3.11
Côte d’Ivoire,CIV,1.2,1.17,1.19,1.17,1.15,1.18,1.22,1.2,1.25,1.18,1.11,1.07,1.04,1.14,1.09,1.04,1,0.97,0.93,0.87,0.84,0.84,0.82,0.81,0.84,0.86,0.93,1,0.96,1.06,1.04,1.03,1.06,0.96,0.99,1.02,1.01,1,1.03,0.98,1.02,1.03,1.13,1.15,1.17,1.18,1.21,1.2,1.18
Croatia,HRV,6.62,6.55,6.62,7.23,7.5,7.45,7.43,7.53,7.72,8.29,7.68,7.49,7.55,7.93,7.66,7.8,8.22,7.68,8.14,8.18,7.2,5.57,5.09,5.16,5.02,5.18,5.25,5.73,5.83,5.94,5.91,6.19,6.42,6.8,6.99,7.05,7.25,7.7,7.4,6.86,6.73,6.66,6.24,6.19,6.04,6.23,6.34,6.46,6.17
Cuba,CUB,5.28,5.01,4.82,5.01,5.14,5.15,5.28,5.48,5.73,5.79,5.79,5.82,5.72,5.92,6.17,5.87,5.9,6.12,6.22,6.31,5.89,4.97,4.32,3.9,4,4.06,4.31,4.51,4.32,4.41,4.43,4.28,4.15,4.06,3.97,3.97,4.09,4.18,4.14,4.24,4.46,4.34,4.36,4.24,4.19,4.18,4.27,4.09,4.02
Cyprus,CYP,4.75,4.75,5.49,5.63,4.4,4.26,4.87,5.08,5.23,5.46,5.68,5.48,5.59,5.58,5.66,5.56,6,6.73,6.71,6.91,6.9,7.49,7.75,7.83,7.92,7.65,7.86,7.79,8.17,8.3,8.5,8.27,8.36,8.98,8.75,8.76,8.66,8.85,8.88,8.52,8.44,8.07,7.48,6.88,7.17,7.1,7.4,7.49,7.23
Czechia,CZE,22.31,22.33,22.22,21.92,20.16,20.8,21.21,22.19,21.44,22.36,21.52,21.54,21.67,21.78,22.1,21.84,21.72,21.77,21.36,20.51,18.76,16.89,16.1,15.7,15.01,15.02,15.25,14.92,14.32,13.59,14.82,14.93,14.41,14.86,15,14.55,14.62,14.81,14.21,13.91,13.58,13.34,12.91,12.45,12.24,12.38,12.46,12.54,12.37
Dem. Rep. of the Congo,COD,0.61,0.6,0.6,0.6,0.6,0.59,0.74,0.72,0.68,0.7,0.68,0.68,0.66,0.7,0.72,0.72,0.7,0.71,0.7,0.68,0.67,0.6,0.58,0.56,0.57,0.55,0.55,0.53,0.52,0.5,0.5,0.48,0.48,0.48,0.47,0.47,0.47,0.48,0.47,0.46,0.45,0.46,0.55,0.58,0.61,0.58,0.57,0.58,0.57
Denmark,DNK,16.41,15.4,15.63,15.46,14.35,14.61,15.39,16.05,15.99,16.56,16.67,14.26,14.87,14.5,14.3,15.79,16.01,15.52,14.64,13.64,13.69,15.72,14.5,14.94,15.65,15.02,17.51,15.58,14.71,14.07,13.3,13.54,13.37,14.35,13.18,12.47,13.73,12.8,12.08,11.58,11.58,10.59,9.63,9.86,9.17,8.69,9.02,8.59,8.54
Djibouti,DJI,6.68,6.38,6.02,5.81,5.76,5.61,5.15,4.9,4.42,4.4,4.51,3.51,3.31,2.88,2.58,2.58,2.44,2.66,2.45,3.59,3.41,3.75,3.48,3.48,3.54,3.63,3.64,3.69,3.64,3.68,2.65,2.61,2.57,2.62,2.56,2.46,2.36,2.37,2.47,2.26,2.34,2.03,2.24,2.3,2.29,2.18,2.13,2.31,2.32
Dominica,DMA,0.67,0.68,0.74,0.79,0.74,0.83,0.8,0.85,0.87,0.86,0.87,1.05,1.05,1.08,1.18,1.2,1.17,1.5,1.55,1.55,1.54,1.58,1.6,1.78,2.07,2.31,2.41,2.35,1.95,2.36,2.51,2.6,2.36,2.65,2.92,2.81,2.75,3.08,2.89,3.01,3.09,3.21,3.25,3.29,3.35,3.44,3.36,3.45,3.37
Dominican Rep.,DOM,2.13,2.17,2.39,2.36,2.48,2.55,2.59,2.62,2.54,2.6,2.58,2.42,2.39,2.58,2.59,2.37,2.44,2.62,2.56,2.66,2.41,2.48,2.57,2.55,2.72,2.77,2.88,3.06,3.27,3.3,3.33,3.36,3.58,3.26,3.15,3.25,3.43,3.5,3.48,3.4,3.48,3.49,3.53,3.45,3.46,3.64,3.73,3.63,3.79
Ecuador,ECU,2.25,2.05,2.24,2.65,2.75,2.79,3,3.12,3.21,3.34,3.4,3.52,3.47,3.31,3.44,3.51,3.58,3.25,3.58,3.51,3.58,3.54,3.71,3.71,3.82,3.97,4.25,4.27,4.02,3.56,3.46,3.65,3.65,3.68,3.93,3.91,4,4.02,3.99,4.22,4.46,4.4,4.35,4.43,4.52,4.33,4.18,4.02,4.05
Egypt,EGY,1.6,1.57,1.57,1.45,1.54,1.6,1.74,1.77,1.79,1.83,1.91,2.01,2.09,2.2,2.31,2.35,2.35,2.45,2.42,2.48,2.51,2.6,2.6,2.58,2.45,2.55,2.65,2.71,2.71,2.86,2.81,2.98,3.03,3.05,3.21,3.47,3.58,3.71,3.69,3.71,3.63,3.68,3.76,3.6,3.57,3.55,3.59,3.68,4.01
El Salvador,SLV,1.56,1.51,1.56,1.53,1.52,1.57,1.61,1.67,1.72,1.63,1.44,1.4,1.28,1.29,1.25,1.33,1.3,1.4,1.4,1.39,1.42,1.57,1.65,1.67,1.78,1.79,1.77,1.95,1.92,1.92,1.83,1.94,1.97,2,2.03,2.07,2.16,2.19,2.04,2,1.94,1.92,1.97,1.87,1.9,1.96,1.94,1.85,1.88
Equatorial Guinea,GNQ,0.38,0.39,0.4,0.41,0.44,0.46,0.47,0.49,0.5,0.51,0.52,0.49,0.49,0.47,0.45,0.46,0.43,0.47,0.45,0.51,0.51,0.67,2.39,5.76,10.29,10.54,10.94,14.4,16.86,17.42,17.68,21.79,17.85,18.82,21.43,22.3,21.53,19.68,21.93,19.43,19.18,18.53,17.19,16.15,14.25,13.04,11.94,10.86,10.5
Eritrea,ERI,2.21,2.16,2.06,2.02,1.97,1.87,1.83,1.79,1.78,1.76,1.72,1.7,1.64,1.62,1.54,1.51,1.53,1.46,1.43,1.45,1.44,1.46,1.51,1.32,1.4,1.44,1.58,1.68,1.58,1.59,1.58,1.51,1.45,1.43,1.4,1.36,1.28,1.31,1.28,1.27,1.24,1.28,1.28,1.27,1.26,1.25,1.24,1.23,1.23
Estonia,EST,19,18.94,20.34,22.27,23.39,25.63,25.57,26.55,26.7,27.88,27.86,29.03,28.48,28.26,27.16,26.5,25.75,24.8,23.62,21.6,26.16,24.82,19.84,16.06,16.24,15.28,16.07,15.93,15.22,14.25,14.41,14.95,14.47,16.2,16.68,17.01,16.19,19.25,18.34,16.14,19.42,19,18.63,20.7,20.02,18.49,18.3,19.13,19.22
Eswatini,SWZ,3.53,3.47,3.51,3.51,3.46,3.48,3.97,3.87,3.78,3.88,3.86,3.59,3.4,3.07,2.94,3.04,3,2.93,2.77,2.71,3.25,3.42,3.2,2.69,3.37,3.21,3.2,3.57,3.48,3.63,4.2,4.21,4.15,4.07,4.05,4.24,4.21,4.47,4.41,4.16,3.8,2.72,2.56,2.64,2.4,2.4,2.44,2.4,2.44
Ethiopia,ETH,1.83,1.8,1.73,1.7,1.65,1.57,1.53,1.53,1.53,1.52,1.5,1.47,1.44,1.44,1.36,1.38,1.42,1.32,1.3,1.32,1.31,1.28,1.25,1.12,1.13,1.11,1.13,1.14,1.18,1.15,1.09,1.13,1.21,1.16,1.16,1.17,1.22,1.3,1.33,1.34,1.36,1.32,1.34,1.36,1.39,1.39,1.41,1.43,1.42
Fiji,FJI,2.67,2.63,2.73,2.92,3.26,2.95,2.83,2.93,2.84,3.08,3.09,3.25,3.04,2.75,2.49,2.66,2.7,2.59,2.6,2.75,2.88,2.68,2.75,2.86,3,3.08,3.1,3.12,3.08,3.18,3.31,3.42,3.05,3.28,3.9,3.59,3.7,3.34,2.68,2.65,2.65,4.19,2.89,3.21,3.65,3.65,3.46,3.58,3.65
Finland,FIN,14.15,14.05,14.86,15.73,14.84,14.64,15.86,15.72,17.21,17.27,17.38,15.27,14.71,14.46,14.54,15.29,15.27,16.19,15.86,15.89,16.62,16.62,15.71,15.97,17.3,16.47,17.45,17.02,16.34,16.48,16.17,17.39,17.68,19.43,19.23,16.47,19.13,18.03,16.38,15.74,17.6,16.04,15.23,15.39,14.62,13.94,13.74,13.26,13.5
France,FRA,12.26,12.4,12.63,13.25,12.82,11.96,12.68,12.33,12.61,12.74,12.29,11.28,10.81,10.46,10.23,9.96,9.68,9.43,9.32,9.53,9.66,10.04,9.76,9.36,9.26,9.4,9.69,9.53,9.58,9.23,9.14,9.16,8.99,8.99,8.92,8.89,8.61,8.46,8.29,8,8.12,7.73,7.72,7.61,7.04,7.1,7.09,7.11,6.9
Gabon,GAB,9.89,10.56,11.17,17.1,20.31,22.86,23.63,22.83,22.43,20.84,19.05,17.73,17.55,16.49,17.27,18.73,15.37,13.49,13.53,16.76,18.95,17.56,18.07,17.78,17.42,18.99,20.69,18.85,21.28,19.7,19.5,19.52,18.44,20.04,18.05,16.57,13.93,11.76,12.25,11.57,11.55,11,10.59,10.18,9.99,10.1,9.91,9.01,8.66
Georgia,GEO,6.78,6.73,7.02,7.34,7.62,8.02,8.05,8.09,8.33,8.52,8.68,8.73,8.6,8.45,8.37,8.24,8.1,8.1,7.98,7.72,7.75,6.26,5.19,4.41,3.24,2.8,2.55,2.44,2.3,2.28,2.39,2.05,2.05,2.18,2.27,2.49,2.62,2.86,2.67,2.93,2.81,3.2,3.53,3.62,3.97,4.07,4.23,4.22,4.2
Germany,DEU,16.67,16.53,16.8,17.45,17.08,16.29,17.08,16.81,17.35,18.09,17.43,16.98,16.37,16.55,16.8,16.85,16.67,16.46,16.26,16.01,15.54,15.11,14.28,14.03,13.85,13.73,14.03,13.58,13.23,12.77,12.83,12.9,12.62,12.6,12.36,12.07,12.19,11.82,11.87,11.08,11.66,11.3,11.42,11.63,11.1,11.14,11.16,10.94,10.62
Ghana,GHA,0.78,0.77,0.79,0.77,0.81,0.81,0.8,0.82,0.8,0.76,0.74,0.79,0.71,0.61,0.64,0.66,0.67,0.68,0.68,0.7,0.72,0.71,0.73,0.73,0.73,0.74,0.76,0.77,0.85,0.87,0.83,0.84,0.89,0.85,0.82,0.83,0.9,0.9,0.86,0.91,0.95,1.04,1.13,1.18,1.16,1.18,1.13,1.21,1.27
Greece,GRC,5.3,5.4,6.2,6.53,6.48,6.66,7.16,7.3,7.49,7.71,7.62,7.5,7.62,7.96,8.07,8.39,8.3,8.76,9.19,9.61,9.87,9.74,9.83,9.64,9.7,9.9,9.81,9.82,10.1,10.08,10.7,10.76,10.79,11.11,11.1,11.32,11.18,11.51,11.07,10.51,9.87,9.62,9.24,8.63,8.43,8.3,8.32,8.37,8.24
Grenada,GRD,0.8,0.82,0.85,0.89,0.81,0.89,0.88,0.94,0.99,0.96,0.95,1.08,1.03,1.02,1.06,1.03,1.14,1.37,1.38,1.34,1.76,1.84,1.89,1.94,2.13,1.96,2.06,2.46,2.16,2.2,2.18,2.24,2.18,2.41,2.38,2.4,2.39,2.46,2.57,2.69,2.84,3.05,3.25,3.81,3.21,3.25,3.22,2.68,2.61
Guatemala,GTM,1.51,1.53,1.59,1.58,1.53,1.56,1.48,1.57,1.61,1.68,1.7,1.61,1.52,1.46,1.47,1.48,1.41,1.43,1.41,1.43,1.44,1.47,1.56,1.62,1.62,1.7,1.67,1.69,1.82,1.84,1.9,1.93,1.95,1.87,1.93,1.94,1.96,2,1.91,1.96,1.96,1.96,1.98,2.06,2.13,2.25,2.3,2.26,2.35
Guinea,GIN,1.11,1.1,1.11,1.14,1.16,1.19,1.2,1.21,1.21,1.23,1.24,1.22,1.2,1.2,1.18,1.11,1.03,1.12,1.13,1.12,1.16,1.13,1.02,1,1.01,1.06,1.08,1.02,1.03,1.12,1.21,1.21,1.24,1.28,1.3,1.32,1.35,1.37,1.4,1.44,1.64,1.68,1.69,1.69,1.71,1.77,1.8,1.83,1.86
Guinea-Bissau,GNB,1.09,1.08,1.09,1.11,1.21,1.38,1.49,1.45,1.35,1.37,1.39,1.55,1.81,1.67,1.55,1.35,1.31,1.39,1.4,1.43,1.5,1.51,1.49,1.48,1.5,1.51,1.49,1.48,1.48,1.51,1.5,1.48,1.46,1.48,1.46,1.45,1.47,1.5,1.53,1.56,1.6,1.57,1.59,1.62,1.5,1.54,1.58,1.53,1.49
Guyana,GUY,6.3,6.12,5.93,6.21,6.21,6.78,5.95,6.52,6.2,5.49,5.55,5.8,5.4,5,5.55,5.3,5.42,5.04,5.01,4.46,4.22,4.76,4.97,5.33,5.25,5.31,5.42,5.47,5.64,6.16,5.62,5.66,5.43,5.82,5.68,5.35,5.09,5.45,5.48,5.76,6.01,6.37,6.84,7.12,7.17,7.21,7.16,6.61,6.47
Haiti,HTI,1.09,1.1,1.11,1.09,1.07,1.06,1.09,1.09,1.12,1.11,1.11,1.02,1.03,1.03,1.02,1,0.91,0.9,0.89,0.86,0.84,0.85,0.87,0.83,0.76,0.84,0.87,0.9,0.9,0.9,0.91,0.93,0.94,0.91,0.93,1.15,1.15,1.18,1.17,1.17,1.15,1.16,1.15,1.16,1.2,1.23,1.23,1.23,1.22
Honduras,HND,2.16,2.13,2.11,2.1,2.12,2.12,2.1,2.12,2.08,2.07,2.06,2.01,1.95,2.15,2.17,2.06,1.99,1.98,1.95,1.94,1.87,1.84,1.85,1.76,1.87,1.89,1.9,1.88,1.92,1.79,1.82,1.94,2.07,2.22,2.34,2.28,2.16,2.43,2.38,2.35,2.32,2.34,2.37,2.37,2.31,2.43,2.36,2.38,2.45
Hungary,HUN,8.74,8.94,9.1,9.6,9.85,10.01,10.37,10.76,11.54,11.39,11.26,11.18,11.25,10.93,11.14,11.05,10.83,11.01,10.53,10.29,9.27,8.68,7.66,7.71,7.69,7.55,7.78,7.67,7.61,7.68,7.42,7.61,7.91,8.03,7.96,7.86,7.77,7.64,7.45,6.77,6.84,6.78,6.45,6.19,6.22,6.5,6.62,6.92,6.93
Iceland,ISL,13.3,13.6,14.6,16.13,15.76,14.92,14.84,15.06,15.34,15.55,14.36,13.87,12.36,12.41,13.25,12.68,12.55,12.5,12.83,12.7,17.79,17.5,12.67,13.01,13.38,12.56,13.55,13.18,13.64,13.72,13.99,14.26,14.84,14.6,14.76,14.49,14.74,15.54,16.23,15.95,15.57,15,14.91,14.96,14.33,14.75,14.47,15.09,14.66
India,IND,1.39,1.37,1.35,1.34,1.34,1.36,1.36,1.36,1.34,1.35,1.35,1.39,1.39,1.42,1.45,1.46,1.5,1.51,1.56,1.59,1.58,1.61,1.61,1.62,1.65,1.68,1.7,1.72,1.72,1.76,1.76,1.75,1.75,1.76,1.83,1.87,1.92,2.01,2.07,2.2,2.26,2.33,2.43,2.43,2.53,2.52,2.54,2.6,2.67
Indonesia,IDN,1.78,1.75,1.76,1.83,1.83,1.79,1.8,1.94,2.03,2.02,2.01,2.02,1.93,1.93,1.97,1.99,2.04,2.01,2.06,2.09,2.26,2.32,2.39,2.45,2.51,2.61,2.7,2.78,2.74,2.77,2.73,2.8,2.81,2.93,2.94,2.93,3.03,3.11,3.08,3.17,3.15,3.31,3.52,3.5,3.66,3.63,3.63,3.86,4.03
Islamic Rep. of Iran,IRN,6.83,6.84,7.35,8.27,8.4,7.84,8.49,8.33,7.75,6.23,4.67,4.42,5.22,5.56,5.23,5.31,4.84,4.95,4.8,5.14,5.7,6.31,6.63,6.53,7.13,7.05,7.24,7.36,7.02,7.38,7.71,7.72,7.9,8.47,8.98,9.46,10.02,10.37,10.33,10.51,10.52,10.52,10.31,10.45,10.62,10.46,10.87,11.12,11.3
Iraq,IRQ,8.97,9.1,8.1,9.68,9.4,10.31,11.23,10.4,11,13.74,11.01,5.85,5.9,5.98,6.66,7.48,8.31,8.99,10.36,11.01,8.87,4.32,5.67,7.16,7.59,7.28,6.75,8.14,6.62,6.03,6.5,6.88,6.3,5.6,6.01,5.76,5.54,5.06,5.48,6.36,6.86,7.15,7.94,8.02,8.05,7.87,8.72,8.54,8.93
Ireland,IRL,13.5,14.32,14.01,13.97,14.67,13.97,13.83,14.31,14.16,15.3,14.84,14.46,14.31,14.23,14.24,14.67,14.98,15.34,15.13,15.61,16.18,16.3,16.26,16.44,16.77,16.9,17.23,17.4,17.9,18.32,19.02,19.35,18.67,18.19,18.02,17.85,17.69,16.91,16.28,14.89,14.51,13.38,13.66,13.51,13.5,13.9,14.49,14.26,14.08
Israel,ISR,22.25,21.68,22.07,21.67,16.7,21.87,6.74,6.82,7.02,6.99,6.84,6.96,7.13,7.23,7.36,7.67,8.12,8.65,8.95,9.07,9.28,9.17,9.44,9.9,10.26,10.57,10.89,10.95,10.9,10.94,11.5,11.48,11.84,11.99,11.81,11.26,11.48,11.63,11.5,11.02,11.64,11.45,12.09,11.01,10.67,11.02,10.9,10.75,10.3
Italy,ITA,7.35,7.59,7.86,8.25,8.25,7.86,8.36,8.15,8.29,8.57,8.56,8.33,8.14,7.99,8.13,8.12,8.13,8.51,8.61,8.92,9.29,9.29,9.2,9.05,8.98,9.5,9.42,9.48,9.67,9.81,9.82,9.66,9.7,9.95,9.98,9.93,9.68,9.5,9.21,8.29,8.45,8.25,7.92,7.38,7.06,7.23,7.18,7.13,7.04
Jamaica,JAM,3.81,3.75,3.99,4.95,4.75,4.47,3.77,4.03,4.05,4,3.71,3.63,3.16,3.15,3.03,2.72,2.63,2.73,2.79,3.37,3.78,3.77,4.11,4.14,4.12,4.22,4.31,4.35,4.5,4.57,4.56,4.56,4.51,4.62,4.58,4.55,5.04,4.97,4.16,3.36,3.17,3.21,3.09,3.25,3.17,3.11,3.29,3.08,3.56
Japan,JPN,9.3,9.29,9.56,10.46,10.29,9.64,9.82,9.93,9.79,9.93,9.59,9.31,8.89,8.85,9.37,9.1,9.02,8.99,9.53,9.74,10.43,10.49,10.56,10.48,10.9,11.01,11.11,10.95,10.44,10.62,10.73,10.55,10.81,10.85,10.78,10.8,10.57,10.88,10.3,9.78,10.28,10.67,11,11.11,10.79,10.47,10.42,10.33,9.99
Jordan,JOR,2.13,2.09,1.8,1.92,1.99,2.08,2.31,2.33,2.67,2.77,3.26,3.59,3.66,3.99,4.15,4.11,4.16,4.45,4.19,3.43,3.46,3.38,3.73,3.68,3.64,3.71,3.68,3.7,3.7,3.66,3.75,3.74,3.92,3.85,4.17,4.32,4.24,4.26,4.07,3.95,3.71,3.63,3.91,3.7,3.78,3.65,3.63,3.76,3.57
Kazakhstan,KAZ,19.18,18.9,19.48,20.09,20.49,21.39,21.03,20.96,22.14,22.13,22.66,21.64,20.58,19.79,19.3,18.49,17.97,18.42,18.7,18.52,20.94,21.33,21.62,18.99,17.12,15.09,13.49,12,12.09,11.29,11.69,11.58,12.59,13.79,14.67,15.39,16.82,17.53,20.09,18.23,19.2,20.1,19.6,20.29,19.25,19.77,20.05,20.27,19.98
Kenya,KEN,2.1,2.07,2.05,2.01,1.97,1.92,1.88,1.87,1.91,1.95,1.8,1.72,1.75,1.81,1.82,1.76,1.76,1.72,1.74,1.75,1.71,1.63,1.6,1.56,1.54,1.52,1.45,1.42,1.41,1.46,1.39,1.39,1.42,1.42,1.51,1.53,1.47,1.92,1.98,1.91,1.94,1.91,1.83,1.81,1.8,1.82,1.91,1.79,1.79
Kiribati,KIR,0.52,0.52,0.55,0.62,0.72,0.63,0.6,0.63,0.61,0.67,0.68,0.72,0.68,0.69,0.41,0.44,0.41,0.48,0.47,0.45,0.46,0.45,0.45,0.45,0.46,0.45,0.45,0.46,0.46,0.45,0.59,0.55,0.69,0.69,0.71,0.86,0.88,0.76,0.83,0.73,0.75,0.83,0.77,0.76,0.74,0.78,0.79,0.79,0.8
Kuwait,KWT,90.36,87.43,85.39,73.19,57.57,46.04,44.51,40.46,42.94,47.41,37.79,31.24,29.37,31.31,31.02,31.79,33.39,33.89,37.43,42.46,22.6,22.25,22.17,32.69,39.86,40.03,39.69,40.26,38.67,37.7,40.01,39.99,41.04,44.52,45.43,49.15,48.43,45.25,43.91,42.85,39.78,38.83,36.55,37.28,34.51,35.75,35.94,34.03,33.71
Kyrgyzstan,KGZ,7.64,7.58,7.77,7.91,8.06,8.29,8.28,8.3,9.01,9.02,9.22,8.82,8.38,7.95,7.59,7.31,7.15,7.43,7.45,7.34,7.68,6.98,5.15,4.15,3.14,2.43,2.57,2.48,2.52,2.24,2.21,2.03,2.24,2.36,2.34,2.3,2.26,2.49,2.71,2.64,2.54,2.8,3.21,3.15,3.22,3.33,3.21,3.16,3.47
Lao People’s Dem. Rep.,LAO,2.48,2.38,2.28,2.2,2.19,2.1,1.78,1.86,1.9,2.09,2.22,2.15,2.09,2.01,1.93,1.92,1.88,1.76,1.7,1.75,1.8,1.69,1.71,1.67,1.73,1.72,1.74,1.8,1.7,1.66,1.79,1.84,1.87,1.9,1.93,1.9,1.98,1.94,2.04,2.13,2.24,2.33,2.46,2.55,2.64,3.8,5.16,5.38,5.31
Latvia,LVA,8.27,8.29,8.73,9.07,9.19,9.82,9.69,10,10.05,10.44,10.44,10.8,10.76,10.85,10.79,10.77,10.91,10.84,10.83,10.68,10.48,9.8,8.28,7.13,6.03,5.31,5.4,5.18,5.04,4.76,4.48,4.73,4.81,5.01,5.15,5.36,5.73,6.05,5.85,5.55,6.13,5.96,6.01,5.98,5.99,6.2,6.23,6.2,6.51
Lebanon,LBN,2.97,2.97,3.13,3.64,3.57,3.16,2.98,2.64,3.15,3.48,3.53,3.56,2.78,2.9,2.95,3.32,3.48,3.55,2.89,2.92,2.91,3.44,3.6,4.73,5.01,5.62,5.76,6.22,6.18,6.28,5.67,5.88,5.65,5.45,5.33,5.18,4.88,4.49,5.38,6.23,5.81,5.62,5.8,5.39,5.45,5.6,5.68,5.9,5.67
Lesotho,LSO,1.79,1.67,1.6,1.55,1.57,1.58,1.52,1.39,1.36,1.39,1.44,1.41,1.4,1.34,1.3,1.34,1.33,1.49,1.43,1.37,1.24,1.23,1.31,1.26,1.23,1.18,1.12,1.09,1.01,1.31,1.39,1.4,1.31,1.31,1.3,1.37,1.33,1.44,1.32,1.34,1.33,1.32,1.34,1.27,1.25,1.22,1.21,1.28,1.26
Liberia,LBR,1.18,1.16,1.14,1.14,1.16,1.17,1.15,1.2,1.15,1.22,1.25,1.09,1.02,1.01,0.94,0.95,0.88,0.87,1,0.89,0.75,0.65,0.63,0.61,0.61,0.6,0.61,0.61,0.61,0.62,0.66,0.67,0.67,0.68,0.7,0.74,0.76,0.73,0.7,0.69,0.76,0.77,0.79,0.77,0.82,0.83,0.87,0.86,0.86
Libya,LBY,53.89,46.26,36.16,33.56,23,23.26,28.28,28.85,27.6,28.42,26.55,18.69,19.06,17.8,17.49,16.55,17.02,15.68,17.25,17.04,18.68,17.62,16.23,15.33,17.99,19.09,19.68,17.17,16.26,15.23,15.92,15.16,15.15,16.45,16.15,16.73,16.28,15.02,15.52,15.31,16.16,9.73,14.95,13.83,12.55,11.24,10.69,12.34,12.24
Lithuania,LTU,9.56,9.6,10.02,10.55,11.04,11.65,11.9,12.12,12.4,12.63,12.88,12.89,12.79,12.74,12.84,12.78,12.74,12.71,12.56,12.41,12.75,13.19,8.56,6.88,6.49,6.22,6.42,6.34,6.66,5.9,5.49,5.73,5.91,5.99,6.32,6.71,6.87,7.63,7.83,6.95,7.4,7.79,8.02,7.62,7.72,8.09,8.08,8.2,8.15
Luxembourg,LUX,56.67,52.63,51.38,54.96,50.71,40.5,42.73,40.48,43.83,41.24,38.81,33.28,31.38,29.57,32.13,32.59,31.72,30.09,31.27,33.14,33.24,34.09,32.89,33.11,30.52,24.6,24.22,22.66,20.69,21.36,22.57,23.58,24.94,25.64,28.56,28.67,27.76,25.99,25.17,23.37,24.1,23.25,22.23,20.76,19.44,18.15,17.41,17.42,17.73
Madagascar,MDG,3.04,2.81,2.79,2.78,2.76,2.72,2.65,2.68,2.74,2.68,2.68,2.6,2.51,2.46,2.39,2.31,2.24,2.19,2.14,2.06,2.04,2,1.96,1.92,1.86,1.83,1.78,1.74,1.69,1.64,1.65,1.48,1.36,1.37,1.37,1.45,1.44,1.42,1.41,1.37,1.37,1.35,1.37,1.33,1.31,1.29,1.28,1.23,1.25
Malawi,MWI,0.54,0.55,0.57,0.55,0.56,0.58,0.61,0.59,0.58,0.58,0.58,0.58,0.57,0.56,0.56,0.58,0.56,0.56,0.5,0.49,0.52,0.53,0.53,0.53,0.52,0.52,0.53,0.51,0.52,0.52,0.58,0.56,0.56,0.56,0.56,0.56,0.57,0.58,0.6,0.6,0.62,0.58,0.58,0.6,0.6,0.61,0.62,0.63,0.66
Malaysia,MYS,3.02,3.02,3.01,2.97,3.11,3.19,3.34,3.27,3.35,3.69,3.72,3.71,3.78,4.07,4.21,4.25,4.27,4.26,4.35,4.72,5.1,5.65,5.74,6,6.2,6.38,7.03,7.41,7.08,7.38,7.85,8,8.28,8.65,9.14,9.52,9.67,10.17,10.55,9.54,9.91,9.77,9.7,10.2,10.51,10.42,10.14,9.71,10.12
Maldives,MDV,0.25,0.25,0.26,0.27,0.3,0.28,0.28,0.28,0.28,0.3,0.3,0.31,0.3,0.3,0.5,0.53,0.52,0.55,0.6,0.57,0.63,0.62,0.63,0.67,1.17,1.45,1.49,1.34,1.49,1.44,2.34,2.03,2.31,1.98,2.48,2.26,2.62,2.44,2.62,2.63,2.76,3.61,4.08,4.11,5.17,4.05,4.01,4.12,4.16
Mali,MLI,1.93,1.93,1.69,1.57,1.42,1.52,1.52,1.51,1.53,1.67,1.78,1.83,1.86,1.63,1.44,1.33,1.35,1.36,1.4,1.43,1.46,1.45,1.41,1.4,1.4,1.41,1.41,1.41,1.42,1.44,1.5,1.54,1.58,1.61,1.6,1.63,1.6,1.65,1.69,1.73,1.78,1.78,1.79,1.81,1.82,1.86,1.91,1.97,2.02
Malta,MLT,2.55,2.56,3.09,2.99,2.75,2.52,2.81,2.94,3.32,3.23,3.49,3.86,4.33,3.3,4.33,3.81,5.84,6.05,6.5,6.96,6.9,6.57,6.43,8.11,7.25,6.85,6.66,7.01,6.69,6.74,5.98,6.9,6.43,7.14,7.12,7.23,7.38,7.54,7.57,7.06,7.28,7.25,7.51,6.7,6.66,5.03,4.34,4.72,4.76
Mauritania,MRT,4.73,4.48,4,3.8,3.22,3.21,3.27,3.31,3.27,3.28,3.29,3.34,3.31,2.93,2.83,2.92,2.78,2.93,3.02,3.08,3.07,3.17,3.76,3.73,3.64,3.59,3.62,3.73,3.77,3.9,3.22,3.27,3.3,3.3,3.21,3.18,3.29,3.12,3.01,3.05,3.03,3.02,3.08,2.99,3.07,3.07,3.07,3.02,2.98
Mauritius,MUS,1.04,1.06,1.11,1.13,1.18,1.17,1.22,1.32,1.31,1.3,1.23,1.24,1.19,1.26,1.3,1.27,1.42,1.48,1.55,1.66,1.8,1.85,1.91,2,2.02,2.06,2.11,2.11,2.25,2.58,2.8,2.91,2.88,2.93,2.96,3.07,3.7,3.8,3.88,3.87,4.1,4.11,4.2,4.31,4.47,4.5,4.57,4.77,4.75
Mexico,MEX,4.08,3.98,4.11,4.2,4.4,4.5,4.62,4.65,4.93,5.06,5.4,5.65,5.85,5.53,5.5,5.56,5.4,5.45,5.33,5.45,5.33,5.41,5.36,5.42,5.69,5.52,5.66,5.91,6.1,5.9,6.12,6.05,6.07,6.26,6.3,6.44,6.58,6.61,6.59,6.45,6.5,6.51,6.57,6.41,6.24,6.22,6.22,6.17,6.13
Rep. of Moldova,MDA,5.73,5.71,5.97,6.43,6.86,7,7.66,7.59,7.95,7.97,8.22,7.71,7.87,7.97,8,7.97,8.2,8.53,8.45,8.41,8.59,7.1,5.82,4.97,4.28,3.82,3.41,3.12,2.84,2.52,2.37,2.43,2.49,2.63,2.65,2.73,2.69,2.66,2.6,2.56,2.84,2.89,2.81,2.64,2.78,2.85,2.92,2.91,3.06
Mongolia,MNG,12.11,12.02,11.43,11.42,11.62,11.75,11.61,11.8,11.74,12.02,12.16,11.46,11.59,11.58,11.44,11.96,12.26,12.42,12.57,11.97,11.6,12.66,11.54,10.89,9.95,10.23,9.65,9.69,9.92,10.12,10.34,9.37,8.45,8.09,7.99,9.59,10.65,11.56,11.73,12.69,13.07,14.54,14.8,15.36,15.88,15.3,17.21,18.8,19.48
Morocco,MAR,1.43,1.44,1.44,1.49,1.51,1.53,1.57,1.59,1.64,1.67,1.69,1.63,1.53,1.58,1.54,1.59,1.64,1.67,1.67,1.73,1.74,1.75,1.77,1.74,1.82,1.84,1.83,1.89,1.91,1.97,1.99,2.1,2.13,2.13,2.27,2.34,2.37,2.37,2.44,2.42,2.51,2.64,2.69,2.67,2.69,2.73,2.7,2.79,2.8
Mozambique,MOZ,1.06,1.05,0.99,1,0.97,0.91,0.87,0.84,0.79,0.77,0.8,0.76,0.72,0.69,0.66,0.65,0.63,0.62,0.62,0.62,0.6,0.58,0.59,0.6,0.57,0.57,0.57,0.57,0.59,0.58,0.61,0.59,0.64,0.64,0.67,0.72,0.69,0.7,0.66,0.63,0.63,0.66,0.77,0.8,0.87,0.89,0.99,1.02,1.07
Myanmar,MMR,2.48,2.42,2.3,2.31,2.27,2.26,2.19,2.14,2.15,2,2.05,2.03,1.96,1.94,1.92,1.92,1.88,1.77,1.73,1.68,1.64,1.58,1.64,1.69,1.73,1.79,1.75,1.69,1.7,1.81,1.84,1.83,1.86,1.96,2.01,2.12,2.19,2.22,2.18,2.17,2.19,2.16,2.19,2.24,2.34,2.4,2.5,2.7,2.7
Namibia,NAM,8.66,8.52,8.36,8.24,8.73,6.58,6.45,7.07,6.92,7.2,7.45,6.22,5.58,5.33,5.25,5.13,5.26,5.23,5.12,4.92,4.81,4.44,4.28,4.12,4.12,4.07,4.05,4.08,4.12,4.1,4.27,4.47,4.16,4.22,4.23,5.03,4.32,4.29,4.62,4.52,4.45,4.44,4.88,4.6,4.8,4.77,5.05,4.84,4.65
Nepal,NPL,1.92,1.91,1.85,1.89,1.88,1.87,1.85,1.84,1.81,1.78,1.8,1.76,1.7,1.72,1.71,1.67,1.62,1.63,1.61,1.56,1.55,1.51,1.42,1.45,1.42,1.45,1.44,1.42,1.41,1.42,1.41,1.39,1.36,1.37,1.35,1.35,1.33,1.32,1.36,1.41,1.42,1.45,1.49,1.48,1.51,1.5,1.59,1.69,1.73
Netherlands,NLD,13.69,13.63,14.82,15.35,14.84,14.14,14.85,14.6,14.86,15.52,14.91,14.71,13.8,13.47,13.88,14.09,14.17,14.37,14.17,14.26,16.93,17.17,16.52,16.01,15.72,16.04,16.52,16.1,16.12,15.7,15.82,15.68,15.17,14.92,15.24,14.82,14.4,14.25,13.92,13.18,13.84,12.77,13.01,13.06,12.62,12.81,12.77,13.04,12.99
New Zealand,NZL,19.64,18.68,19.63,19.47,19.56,18.99,19.53,19.76,19.65,19.01,19.69,19.57,20,19.8,20.01,20.01,19.91,19.68,20.1,19.48,20.12,19.91,19.98,19.73,19.93,20.02,20.07,20.68,20.17,20.66,20.76,21.13,21.33,21.37,21.04,20.85,20.64,20.18,19.96,19.24,19.06,18.72,19.13,18.76,18.9,18.41,18.21,18.28,17.88
Nicaragua,NIC,3.74,3.47,3.4,3.46,3.53,3.49,3.56,3.72,3.53,2.94,2.79,2.78,2.73,2.61,2.59,2.56,2.48,2.28,2.3,2.36,2.48,2.17,2.33,2.42,2.44,2.31,2.28,2.37,2.43,2.58,2.63,2.65,2.67,2.74,2.7,2.69,2.76,2.76,2.71,2.7,2.74,2.87,2.92,2.89,2.98,3.14,3.12,3.11,3.04
Niger,NER,2.41,2.41,2.39,1.79,1.76,1.83,1.92,2.05,2.06,2.07,2.09,2.12,2.15,2.19,1.59,1.35,1.33,1.34,1.38,1.39,1.47,1.5,1.51,1.54,1.53,1.55,1.56,1.57,1.59,1.58,1.46,1.47,1.48,1.49,1.5,1.5,1.5,1.51,1.51,1.52,1.46,1.45,1.5,1.51,1.53,1.52,1.53,1.54,1.56
Nigeria,NGA,2.95,3.14,3.6,3.98,4.38,3.51,3.88,3.68,3.46,4.17,3.75,2.94,2.73,2.64,2.71,2.78,2.68,2.49,2.63,2.8,2.72,2.81,2.96,2.92,3.04,3.22,3.61,3.35,3.03,2.87,3.08,3.07,2.64,2.84,2.72,2.61,2.39,2.21,2.18,2,2.1,2.15,2.1,2.12,2.13,2.04,1.96,1.96,2.01
Dem. People’s Rep. of Korea,PRK,6.74,6.6,6.65,6.64,6.74,6.88,7.18,7.47,7.87,8.27,8.58,8.69,8.87,9.03,9.12,9.31,9.03,8.62,8.67,8.6,8.14,7.71,6.83,6.28,5.64,5.18,4.66,4.52,3.81,4.1,4.33,4.45,4.26,4.32,4.38,4.54,4.58,3.92,4.2,3.34,3.17,2.57,2.61,2.16,2.34,2.11,2.29,1.92,1.74
North Macedonia,MKD,7.29,6.87,6.82,7.67,7.88,6.53,6.79,6.85,6.68,7.29,6.62,7.09,6.39,6.09,6.76,6.91,7.1,6.82,7.01,7.19,7.11,6.36,5.72,5.83,5.72,5.64,6.43,5.83,6.2,5.73,5.53,5.57,5.28,5.64,5.73,5.96,5.8,6.15,6.07,5.53,5.63,6.19,5.86,5.44,5.25,5.05,4.84,5.19,4.91
Norway,NOR,13.02,12.61,13.38,13.57,13.19,12.86,13.47,13.7,13.58,14.43,14.05,13.12,12.08,12.02,12.54,12.67,13.13,12.83,13.15,13.03,14.71,13.93,13.95,14.59,15.27,15.24,15.58,16.18,16.32,16.6,15.62,15.69,15.51,16.32,16.32,15.59,15.52,15.59,15.51,14.75,14.9,14.32,14.11,13.84,13.63,13.67,13.44,13.21,13.26
Oman,OMN,18.08,17.5,16.74,16.44,16.2,37.23,39.14,36.61,29.45,25.48,16.57,17.59,15.32,16.58,14.9,13.53,14.96,14.52,15.2,14.89,16.94,19.83,17.7,16.04,15.07,16.79,17.48,18.69,17.31,19.04,21.21,23.5,24.37,26,24.85,24.65,27.1,27.1,25.95,25.62,25.81,27.14,27.93,27.41,26.79,26.62,25.81,25.15,24.85
Pakistan,PAK,1.68,1.65,1.64,1.64,1.65,1.69,1.66,1.69,1.71,1.72,1.67,1.68,1.71,1.7,1.7,1.72,1.79,1.82,1.84,1.87,1.89,1.84,1.89,1.94,1.94,1.98,2,2.01,2,2.05,2.04,2.02,2.02,2.07,2.16,2.17,2.26,2.35,2.32,2.33,2.23,2.25,2.21,2.24,2.28,2.29,2.39,2.48,2.51
Palau,PLW,185.52,182.72,179.67,176.78,174.59,173.44,173.34,174.19,175.22,175.64,174.64,174.51,169.5,171.25,184.28,145.64,155.47,160.06,150.58,154.4,152.61,147.71,131.46,130.85,190.34,145.39,133.32,146.53,129.52,135.31,115.59,126.89,76.65,90.55,80.11,91.76,89.2,72.2,72.56,111.54,107.09,119.22,179,89.81,62.39,58.53,55.48,57.39,58.27
Panama,PAN,4.02,4.02,4.1,4.22,4.2,4.16,4.1,3.97,3.79,3.86,3.68,3.43,3.55,3.68,3.31,3.17,3.14,3.2,2.84,2.85,2.85,2.99,3.2,3.19,3.25,3.31,3.25,3.2,3.57,3.24,3.24,3.67,3.37,3.36,3.32,3.79,3.87,3.75,3.67,4.03,4.2,4.39,4.44,4.43,4.49,4.26,4.25,4.02,3.85
Papua New Guinea,PNG,0.72,0.71,0.75,0.82,0.94,0.82,0.79,0.81,0.78,0.84,0.84,0.87,0.8,0.81,0.78,0.84,0.76,0.87,0.81,0.78,0.79,0.83,0.84,0.85,0.87,0.87,0.89,0.89,1.39,0.89,1,0.97,1.02,1.02,1.15,1.43,1.48,1.25,1.44,1.05,0.95,0.82,1.02,1.04,1.41,1.66,1.83,1.75,1.88
Paraguay,PRY,4.09,4.11,4.14,4.27,4.28,4.38,4.68,4.86,4.83,4.65,4.58,4.79,4.85,4.84,4.9,4.94,4.86,4.96,5.05,5,4.94,4.49,4.6,4.89,5.07,5.35,5.22,5.23,5.17,4.98,4.75,4.8,4.53,4.83,4.58,4.53,4.72,5.08,5.17,5.44,5.94,5.94,5.99,6.05,6.35,6.22,6.24,6.33,6.27
Peru,PER,2.81,2.8,2.66,2.67,2.73,2.69,2.68,2.6,2.58,2.63,2.62,2.65,2.6,2.3,2.34,2.24,2.27,2.33,2.27,2.11,2.03,1.96,1.95,1.96,2,2.15,2.23,2.2,2.14,2.22,2.18,2.08,2.12,2.09,2.22,2.23,2.2,2.3,2.4,2.5,2.67,2.8,2.77,2.79,2.86,2.87,2.94,2.82,2.81
Philippines,PHL,2.37,2.36,2.29,2.44,2.32,2.28,2.18,2.19,2.17,2.2,2.03,1.93,1.86,1.84,1.72,1.69,1.62,1.68,1.69,1.69,1.68,1.64,1.63,1.66,1.73,1.86,1.9,1.98,1.85,1.87,1.86,1.8,1.8,1.81,1.81,1.82,1.71,1.77,1.77,1.76,1.79,1.78,1.82,1.89,1.94,2,2.08,2.2,2.23
Poland,POL,14.28,14.52,14.91,15.54,15.97,16.42,17.04,17.32,18.14,18.02,17.95,16.24,16.58,16.43,16.65,16.71,16.81,17.07,16.67,15.87,13.43,13.13,12.72,12.62,12.41,12.45,12.79,12.57,11.57,11.24,10.8,10.7,10.55,10.85,10.9,10.93,11.32,11.29,11.09,10.65,11.19,11.13,11,10.85,10.51,10.57,10.82,11.2,11.15
Portugal,PRT,3.37,3.46,3.5,3.72,3.61,3.72,3.8,3.81,3.99,4.25,4.33,4.46,4.54,4.56,4.34,4.23,4.63,4.72,4.82,5.7,5.85,6.03,6.39,6.24,6.41,6.77,6.6,6.83,7.3,7.95,7.82,7.66,8.04,7.53,7.66,7.91,7.44,7.29,7.04,6.94,6.46,6.32,6.18,6.06,6.13,6.52,6.46,7.04,6.76
Qatar,QAT,207.56,220.71,238.85,249.33,198.42,174.2,162.68,138.85,146.45,135.44,109.28,83.97,74.05,60.49,75.59,62.73,61.35,57.61,57.83,58.97,57.02,58,60.3,60.43,62.2,61.26,69.72,97.3,97.71,105.81,107.8,99.86,102.06,104.07,100.17,89.36,84.2,80.44,75.76,68.96,70.89,71.92,70.37,72.43,70.35,68.7,67.58,66.14,66.23
Romania,ROU,8.57,8.6,8.8,9.4,9.46,10,10.74,11.08,11.73,11.88,11.65,11.71,11.58,11.63,11.59,11.51,11.58,11.84,11.94,11.6,10.4,8.52,7.72,7.3,7.14,7.43,7.67,7.2,6.48,5.75,6.01,6.25,6.28,6.59,6.67,6.57,6.82,6.85,6.79,5.81,5.79,6.13,6.02,5.66,5.73,5.79,5.77,6.01,6.08
Russian Fed.,RUS,13.4,13.43,13.94,14.5,15.02,15.96,16.1,16.42,17.16,17.29,17.6,17.65,17.75,17.76,17.82,17.95,18.22,18.38,18.66,18.59,20.68,20.2,18.77,17.22,15.57,15.13,14.71,13.81,13.83,14.12,14.45,14.53,14.55,15.04,15.19,15.23,15.52,15.65,15.58,14.69,15.34,16.03,15.94,15.58,15.43,15.5,15.36,15.67,16.07
Rwanda,RWA,0.56,0.56,0.54,0.54,0.52,0.52,0.5,0.5,0.5,0.47,0.47,0.49,0.48,0.49,0.5,0.51,0.49,0.49,0.47,0.47,0.49,0.52,0.52,0.51,0.53,0.49,0.51,0.52,0.5,0.51,0.45,0.46,0.46,0.48,0.49,0.5,0.52,0.53,0.54,0.54,0.55,0.53,0.52,0.52,0.51,0.55,0.54,0.54,0.54
Saint Kitts and Nevis,KNA,1.92,1.95,2.1,2.18,1.99,2.25,2.16,2.29,2.35,2.29,2.28,2.29,2.26,2.28,2.45,2.42,2.31,2.42,2.47,2.35,2.28,2.8,2.84,2.99,3.28,2.88,3.22,3.13,3.03,3.03,4.38,4.43,4.48,4.67,4.99,4.5,4.38,4.48,4.45,4.81,4.92,5.39,5.44,5.68,5.52,5.48,5.4,3.88,3.76
Saint Lucia,LCA,1.27,1.26,1.36,1.43,1.26,1.45,1.34,1.43,1.46,1.4,1.39,1.19,1.36,1.29,1.39,1.57,1.61,1.77,2.02,1.9,1.85,1.9,1.91,1.78,1.97,1.98,2,1.95,1.92,2.01,2.67,2.78,2.46,2.74,2.75,2.7,2.62,2.61,2.62,2.72,2.86,3.09,3.25,3.44,3.41,3.35,3.29,2.88,2.82
Saint Vincent and the Grenadines,VCT,0.75,0.74,0.79,0.83,0.76,0.85,0.8,0.84,0.86,0.83,0.83,0.84,0.83,0.86,0.92,0.92,0.87,0.86,0.95,1.12,1.12,1.11,1.28,1.08,1.57,1.68,1.58,1.71,1.8,1.83,1.65,1.88,1.9,2.07,2.24,2.2,2.14,2.16,2.16,2.96,2.34,2.37,2.93,2.6,2.67,2.63,2.58,1.84,1.8
Samoa,WSM,1.11,1.09,1.12,1.19,1.34,1.25,1.23,1.26,1.26,1.35,1.38,1.45,1.51,1.53,1.59,1.57,1.48,1.62,1.62,1.73,1.73,1.72,1.62,1.69,1.74,1.69,1.69,1.71,1.75,1.73,1.8,1.93,1.93,1.95,1.96,1.99,1.98,1.89,1.91,1.94,2.05,2.39,2.28,2.27,2.3,2.87,2.58,2.9,2.94
Sao Tome and Principe,STP,0.51,0.49,0.48,0.48,0.48,0.5,0.5,0.5,0.48,0.49,0.5,0.49,0.48,0.48,0.48,0.48,0.51,0.57,0.55,0.53,0.74,0.84,0.77,0.74,0.84,0.85,0.85,0.87,0.87,0.89,0.83,0.82,0.87,0.93,0.99,1.01,1.02,1.01,1.07,1.1,1.14,1.1,1.12,1.11,1.08,1.11,1.13,1.17,1.18
Saudi Arabia,SAU,12.27,13.62,16.67,21.04,21.38,16.95,19.83,20.29,19.92,22.14,25.04,22.4,20.19,18.44,13.81,12.95,12.97,13.06,13.68,13.29,14.07,14.39,14.84,15.02,15.6,15.08,15.65,15.64,16.06,15.88,16.55,16.74,17.23,17.84,18.31,18.99,19.45,19.8,20.71,20.91,22.07,22.45,23.02,22.66,23.45,23.89,23.5,23.29,22.37
Senegal,SEN,1.76,1.73,1.62,1.54,1.55,1.57,1.56,1.56,1.56,1.54,1.45,1.43,1.38,1.3,1.3,1.33,1.33,1.34,1.29,1.29,1.28,1.27,1.29,1.27,1.27,1.26,1.28,1.31,1.33,1.4,1.36,1.4,1.38,1.35,1.38,1.42,1.4,1.44,1.46,1.47,1.49,1.5,1.49,1.48,1.49,1.55,1.57,1.56,1.55
Serbia,SRB,4.52,4.56,4.56,4.88,5.14,5.3,5.44,5.6,5.82,6.03,5.94,6.65,6.81,7.18,7.49,7.73,7.92,7.69,7.79,7.63,8.39,7.17,6.52,5.78,5.33,5.95,6.79,7.42,7.47,5.76,8.17,9.05,9.49,9.92,10.56,10.03,10.23,10.28,10.37,10.1,10.35,10.82,9.98,10.23,8.97,10.29,10.67,10.38,10.08
Seychelles,SYC,2.74,2.73,2.67,2.69,2.8,2.88,2.85,2.86,2.77,2.97,3.17,2.47,2.2,3.37,3.42,3.65,3.7,4.8,6.36,6.14,5.18,6.78,5.93,5.86,5.8,6.06,6.08,6.65,6.67,6.83,11.89,12.66,10.88,10.87,14.62,13.02,13.68,11.12,12.07,12.95,11.6,9.51,10.79,9.69,10.98,11.52,12.84,12.6,13.15
Sierra Leone,SLE,1.06,1.07,1.04,1.02,1.03,1.03,1.03,1.02,1.01,0.98,0.98,0.93,0.91,0.86,0.78,0.8,0.8,0.85,0.84,0.81,0.86,0.88,0.79,0.8,0.79,0.8,0.8,0.81,0.8,0.76,0.66,0.7,0.74,0.74,0.77,0.79,0.86,0.73,0.75,0.78,0.81,0.84,0.9,0.9,0.92,0.84,0.88,0.87,0.87
Singapore,SGP,3.63,3.59,4.15,4.52,4.62,4.56,4.88,5.33,5.96,6.3,6.23,6.59,6.7,7.06,7.05,7.56,7.5,7.48,8.24,8.55,11.29,11.61,11.58,12.87,13.36,13.09,13.27,13.24,12.98,12.6,14.98,14.99,12.59,11.89,12.18,11.38,11.14,10.99,10.57,10.53,11.62,11.86,11.27,11.72,11.89,12.04,11.71,12.28,12.18
Slovakia,SVK,12.43,12.37,12.45,12.63,12.66,12.83,12.84,13.12,14.43,14.47,15.08,14.67,14.19,14.07,14.43,14.28,13.67,13.97,14.11,13.97,14.02,12.13,11.23,10.79,10.27,10.31,10.41,10.34,10.11,9.94,9.51,9.62,9.52,9.61,9.59,9.65,9.6,9.44,9.44,8.65,9.18,8.85,8.49,8.53,8.05,8.21,8.35,8.74,8.73
Slovenia,SVN,7.83,7.83,7.78,8.53,9,8.58,8.61,8.87,9.11,9.39,8.9,8.74,8.56,8.7,8.61,8.56,8.83,8.24,9.39,9.2,11.41,10.57,10.41,10.58,10.58,10.6,10.96,11.25,11.12,10.77,10.63,11.54,11.89,11.73,12.03,12.17,12.22,12.07,12.28,11.14,11.14,10.59,10.29,10.22,9.46,9.54,9.93,9.9,9.85
Solomon Islands,SLB,0.83,0.86,0.86,0.92,1.04,0.95,0.95,0.99,0.99,1,1.02,1.24,1.07,1.09,0.98,0.96,0.82,0.82,0.89,0.84,0.84,0.83,0.83,0.8,0.82,0.8,0.79,0.79,0.79,0.77,0.71,0.71,0.7,0.7,0.7,0.7,0.68,0.67,0.67,0.65,0.68,0.76,0.72,0.73,0.73,0.74,0.67,0.84,0.85
Somalia,SOM,5.13,5.05,5.14,5.04,4.8,4.83,4.36,4.14,3.97,3.61,3.38,3.38,3.41,3.3,3.35,3.45,3.46,3.5,3.57,3.49,3.2,2.79,2.53,2.77,2.98,3.03,3.03,3,2.91,2.85,2.84,2.83,2.8,2.76,2.73,2.72,2.55,2.38,2.34,2.29,2.25,2.21,2.17,2.12,2.07,2.03,1.99,1.95,1.91
South Africa,ZAF,10.4,10.09,10.11,10.6,10.66,11.07,11.36,11.14,10.13,10.19,10.45,10.69,10.69,10.49,10.85,10.75,10.45,10.72,10.65,10.4,10.58,10.14,9.77,9.62,9.57,9.81,9.96,10.21,10.22,9.68,9.66,9.76,9.95,10.37,10.93,11.06,11.03,11.33,11.79,11.04,11.03,10.54,10.74,10.81,10.91,10.3,10.17,10.15,10
Rep. of Korea,KOR,3.08,3.04,3.04,3.46,3.58,3.74,3.95,4.31,4.45,4.85,4.84,4.95,4.86,5.18,5.67,5.86,6,6.08,6.63,6.82,7.5,8,8.41,9.01,9.57,10.26,10.78,11.27,9.74,10.48,11.63,11.77,11.58,11.54,11.93,11.9,12,12.25,12.38,12.53,13.53,14.06,14.11,14,13.85,14.14,14.4,14.6,14.82
Spain,ESP,5.55,5.42,5.73,6.07,6.39,6.48,6.92,6.66,6.59,6.86,7.13,7.2,7.03,7.06,6.78,6.57,6.68,6.66,6.84,7.31,7.58,7.77,7.94,7.55,7.76,8.08,7.9,8.44,8.68,9.21,9.58,9.5,9.84,9.91,10.16,10.33,10,10.24,9.33,8.38,8.04,8.01,7.87,7.3,7.27,7.54,7.36,7.67,7.54
Sri Lanka,LKA,1.5,1.46,1.43,1.44,1.49,1.27,1.3,1.39,1.44,1.41,1.41,1.41,1.37,1.38,1.4,1.34,1.3,1.24,1.27,1.18,1.22,1.17,1.22,1.22,1.29,1.27,1.3,1.3,1.27,1.36,1.41,1.38,1.41,1.49,1.44,1.57,1.48,1.51,1.56,1.49,1.58,1.7,1.78,1.67,1.72,1.91,1.99,1.98,1.99
Sudan,SDN,2.62,2.59,2.58,2.71,2.67,2.66,2.59,2.5,2.47,2.54,2.61,2.64,2.66,2.58,2.53,2.5,2.31,2.19,2.21,2.16,2.2,2.18,2.31,2.36,2.51,2.46,2.49,2.55,2.54,2.6,2.65,2.7,2.72,2.74,2.73,2.76,2.77,2.76,2.72,2.69,2.66,2.51,2.57,2.53,2.51,2.51,2.53,2.45,2.42
Suriname,SUR,6.38,6.38,6.86,7.68,6.78,7.92,7.4,8.02,8.42,8.19,8.34,7.78,7.32,6.32,6.07,6.67,6.73,6.13,6.25,6.29,6.74,6.69,6.71,6.14,5.99,5.92,5.79,5.44,5.24,5.03,5.05,5.15,3.95,4.35,4.61,5.11,4.76,4.48,4.58,4.71,5.22,5.4,5.74,5.67,5.67,5.72,5.38,5.34,5.16
Sweden,SWE,14.41,13.45,13.46,13.82,12.91,13,13.76,13.24,12.61,12.97,12.05,11.13,10.34,9.72,9.7,10.12,10.23,9.95,9.66,9.3,9.26,9.19,9.44,9.41,9.64,9.53,10.13,9.54,9.56,9.42,9.02,8.95,9.12,9.19,9.03,9.09,9.21,8.83,8.3,7.71,8.31,7.71,7.22,6.91,6.81,6.76,6.82,6.72,6.47
Switzerland,CHE,8.14,8.39,8.45,9.02,8.23,7.81,8.11,8.22,8.44,8.26,8.4,7.97,7.58,8.2,8.08,8.52,8.46,8.15,8.11,8.03,8.18,8.44,8.31,7.83,7.6,7.66,7.69,7.46,7.65,7.65,7.51,7.69,7.42,7.54,7.57,7.6,7.45,7.11,7.23,6.91,7.05,6.45,6.54,6.61,6.12,5.94,5.94,5.8,5.61
Syrian Arab Rep.,SYR,2.36,2.28,2.25,2.08,2.45,2.91,3.09,3.07,3.12,3.33,3.21,3.35,3.55,3.87,4.01,3.66,3.72,4.35,4.37,4.43,4.86,5.31,5.12,5.23,5.29,5.27,5.34,5.16,5.19,5.01,5.02,4.55,4.27,4.23,4.23,4.77,4.76,4.78,4.62,4.37,4.35,4.12,3.5,2.57,2.39,2.37,2.37,2.49,2.33
Tajikistan,TJK,4.2,4.15,4.2,4.23,4.28,4.4,4.37,4.33,4.32,4.28,4.3,4.19,4.09,4.02,3.9,3.91,3.88,3.82,3.74,3.66,4.19,4.28,3.44,2.58,2.1,1.98,1.74,1.73,1.74,1.69,1.72,1.61,1.71,1.56,1.86,1.73,1.8,1.98,1.74,1.59,1.53,1.49,1.57,1.56,1.68,1.73,1.9,2.01,2.13
United Rep. of Tanzania,TZA,1.58,1.55,1.53,1.49,1.46,1.45,1.46,1.43,1.43,1.42,1.39,1.39,1.37,1.34,1.27,1.25,1.24,1.24,1.22,1.21,1.18,1.16,1.13,1.12,1.09,1.19,1.12,1.09,1.1,1.17,1.16,1.15,1.18,1.18,1.19,1.2,1.2,1.17,1.18,1.16,1.19,1.25,1.27,1.32,1.31,1.32,1.31,1.27,1.27
Thailand,THA,2.98,2.91,2.82,2.98,2.83,2.95,2.96,3.05,3.1,3.02,3.03,2.99,2.9,2.99,3.02,3.12,3.03,3.13,3.33,3.51,3.68,3.89,4.04,4.25,4.46,4.69,4.97,5.02,4.54,4.66,4.63,4.78,4.94,5.14,5.43,5.58,5.63,5.83,5.87,5.82,6.11,6.08,6.36,6.5,6.36,6.31,6.17,6.29,6.28
Gambia,GMB,1.53,1.52,1.45,1.38,1.4,1.39,1.37,1.35,1.33,1.27,1.29,1.29,1.24,1.13,1.06,1.06,1.05,1.11,1.08,1.02,0.99,1.01,0.96,0.94,0.97,0.95,0.93,0.91,0.91,0.91,0.98,0.96,0.94,1,1.01,1,1.01,1,1.03,1.11,1.13,0.98,0.97,0.98,1.01,1,0.96,0.96,0.96
Timor-Leste,TLS,1.29,1.29,1.35,1.36,1.37,1.26,1.17,1.11,1.06,1,0.96,0.99,0.98,1,0.97,0.98,0.94,0.95,0.9,0.9,0.92,1.01,0.96,0.95,1.02,1.03,1.05,1.04,1.16,1.16,1.27,1.36,1.29,1.27,1.72,2.04,3.3,4.69,4.85,5.05,4.5,4.63,4.56,4.67,4.3,4.99,4.16,3.98,3.88
Togo,TGO,0.87,0.84,0.86,0.81,0.79,0.83,0.8,0.84,0.85,0.85,0.79,0.77,0.82,0.72,0.74,0.73,0.8,0.81,0.86,0.83,0.86,0.82,0.73,0.71,0.8,0.76,0.91,0.85,0.91,0.99,0.96,0.93,0.94,0.98,0.97,0.97,0.94,0.93,0.99,1.18,1.14,1.09,1.12,1.13,1.14,1.14,1.15,1.15,1.21
Tonga,TON,0.87,0.84,0.85,0.94,1.03,1.05,1.09,1.17,1.33,1.36,1.39,1.68,1.54,1.39,1.24,1.42,1.24,1.69,1.9,1.94,1.87,1.88,1.91,1.88,2.26,2.06,2.21,2.3,2.38,2.36,1.9,1.84,1.89,2.08,1.99,2.07,2.14,1.87,1.95,2,1.96,2.16,2.09,2.03,2.09,2.2,2.2,2.08,2.09
Trinidad and Tobago,TTO,9.47,9.42,9.55,9.83,9.6,8.95,9.86,10.68,11.1,10.92,11.44,11.81,12.78,13.09,13.51,13.56,13.43,13.63,14.42,14.32,14.18,14.26,14.47,13.81,14.83,14.68,15.91,16.19,18.52,19.46,21.37,23.88,26.15,30.42,32.63,38.07,42.28,44.38,43.53,42.38,44.84,43.9,41.73,41,41.37,39.55,34.86,35.65,34.6
Tunisia,TUN,2.03,2.06,2.16,2.14,2.24,2.26,2.23,2.35,2.41,2.53,2.65,2.64,2.55,2.73,2.75,2.75,2.71,2.69,2.72,2.81,2.81,2.86,2.93,2.94,2.87,2.88,2.97,3,3.11,3.23,3.33,3.4,3.35,3.3,3.43,3.51,3.6,3.65,3.74,3.7,3.88,3.67,3.82,3.75,3.85,3.85,3.72,3.69,3.66
Turkey,TUR,2.87,2.93,3.1,3.18,3.19,3.29,3.47,3.62,3.54,3.35,3.39,3.37,3.48,3.49,3.54,3.54,3.7,3.92,3.76,3.94,4.1,4.06,4.17,4.22,4.07,4.32,4.59,4.74,4.75,4.7,5.02,4.61,4.64,4.78,4.78,4.88,5.33,5.68,5.59,5.63,5.77,6.01,6.36,6.22,6.47,6.54,6.79,7.22,7.07
Turkmenistan,TKM,13.8,13.53,13.83,14.16,14.66,15.41,15.94,16.25,16.57,16.99,17.61,17.93,18.35,18.75,19.32,19.99,20.31,20.6,20.75,20.66,21.35,18.87,14.22,14.39,13.55,13.2,12.46,10.52,11.12,13.74,15.41,16.01,17.3,19.36,19.75,19.83,20.39,21.36,21.9,17.75,19.21,21.25,22.14,22.64,22.54,22.85,22.14,21.7,21.5
Uganda,UGA,1.12,1.11,1.11,1.1,1.11,1.11,1.12,1.08,1.11,1.09,1.01,0.98,0.97,0.96,0.95,0.94,0.94,0.8,0.83,0.83,0.89,0.9,0.88,0.87,0.85,0.85,0.84,0.83,0.84,0.84,0.86,0.86,0.86,0.86,0.85,0.87,0.87,0.88,1.08,1.07,1.08,1.08,1.06,1.05,1.06,1.05,1.06,1.07,1.06
Ukraine,UKR,13.48,13.46,14,14.91,15.55,15.44,16.79,16.67,18.61,18.71,19.05,17.94,18.14,18.42,18.53,18.47,19.17,20.11,20.03,20.04,18.44,17.33,15.47,13.73,11.63,11.36,9.89,9.55,9.13,9.16,9.13,9.19,9.33,10.09,9.59,9.38,9.43,9.71,9.44,8.07,8.56,9.14,9.01,8.83,7.8,6.64,6.76,6.13,6.32
United Arab Emirates,ARE,117.46,120.91,111.42,119.97,103.66,89.87,93.69,82.89,80.15,56.51,54.49,47.05,43.24,39.31,47.96,47.37,44.91,44.74,41.84,44.64,43.39,45.64,42.5,43.07,43.52,43.92,43.98,42.92,41.31,40.24,38.7,40.98,39.44,39.12,37.57,35.75,32.53,29.97,30.29,27.38,26.37,25.94,26.54,27.46,27.64,28.97,29.62,29.92,29.09
United Kingdom,GBR,15.52,15.33,14.92,15.58,14.78,14.51,14.71,14.8,14.82,15.51,14.26,13.92,13.63,13.46,12.76,13.44,13.77,13.77,13.66,13.35,13.49,13.63,13.19,12.77,12.61,12.5,12.8,12.33,12.24,11.89,11.84,11.94,11.58,11.69,11.57,11.33,11.08,10.73,10.27,9.3,9.41,8.68,8.96,8.68,8.04,7.77,7.39,7.15,6.97
United States of America,USA,27.29,26.46,27.47,28.16,27.11,25.9,27.01,27.47,27.17,27.22,25.96,25.39,23.98,23.55,24.3,24.11,23.66,24.08,24.76,24.8,24.39,24,24.16,24.4,24.6,24.57,24.91,25.65,25.5,25.22,25.52,25.03,24.16,24.2,24.27,24.09,23.47,23.56,22.74,21.05,21.67,20.83,19.93,20.25,20.22,19.71,19.23,18.91,19.27
Uruguay,URY,10.03,9.87,10.18,10.45,10.82,11.47,10.93,10.78,10.79,11.28,11.89,11.77,11.42,9.98,9.39,9.48,9.49,9.99,10.58,10.09,9.16,9.68,10.17,10.32,10.28,10.31,10.65,10.49,10.3,10.58,9.97,9.87,10.07,10.36,10.97,11.01,11.59,11.29,12.41,12.3,11.39,11.71,11.93,11.61,11.69,11.82,11.77,11.39,11.28
Uzbekistan,UZB,6.31,6.23,6.35,6.48,6.67,7.04,7,7.06,7.1,7.14,7.35,7.4,7.48,7.52,7.58,7.7,7.79,7.86,7.83,7.71,8.15,8.1,7.61,7.5,7.24,6.61,6.59,6.53,7.08,6.92,7,7.09,7.39,7.01,6.97,6.77,7.05,6.81,7.13,6.35,6.29,6.64,6.81,6.33,6.28,5.83,5.45,5.36,5.32
Vanuatu,VUT,3.4,3.54,3.54,3.84,4.1,3.89,3.84,3.7,3.49,3.46,3.38,3.24,3.14,3.16,2.97,3.21,3.03,3.06,3.21,3.06,3.18,3.07,2.87,2.93,2.91,2.84,2.82,2.8,2.79,2.8,2.78,2.66,2.58,2.65,2.53,2.51,2.45,2.88,2.85,2.7,2.73,2.97,2.73,2.64,2.66,2.59,2.52,2.56,2.54
Venezuela,VEN,8.33,8.03,7.81,8.4,8.06,7.47,7.61,7.67,7.87,8.47,8.78,8.64,8.48,8.19,8.13,8,7.94,7.8,7.76,7.93,8.16,7.98,7.92,8.07,7.98,8.43,8.72,8.96,8.99,8.34,8.68,8.75,8.49,8.31,8.61,8.84,8.58,8.36,9.36,9.24,9.27,8.35,9.4,8.91,8.78,8.22,7.61,6.87,6.52
Viet Nam,VNM,1.83,1.77,1.79,1.77,1.65,1.54,1.5,1.51,1.73,1.69,1.67,1.66,1.67,1.66,1.63,1.61,1.61,1.6,1.59,1.53,1.51,1.54,1.55,1.6,1.66,1.73,1.8,1.85,1.95,1.99,2.05,2.09,2.24,2.32,2.57,2.68,2.73,2.85,2.96,3.15,3.32,3.3,3.26,3.32,3.46,3.88,3.99,3.97,4.34
Yemen,YEM,0.94,0.97,0.99,1.03,1.04,1.02,1.04,1.02,1.03,1.04,1.12,1.09,1.12,1.14,1.13,1.13,1.15,1.19,1.42,1.43,1.44,1.52,1.5,1.42,1.5,1.49,1.49,1.54,1.56,1.67,1.78,1.79,1.76,1.97,1.97,2.11,2.25,2.29,2.22,2.31,2.28,2.04,1.87,2.17,2.06,1.27,1.1,1.07,1.05
Zambia,ZMB,3.05528,3.01448,3.0453,3.04457,2.98794,2.94431,2.92769,2.78208,2.65559,2.53224,2.45944,2.37129,2.30612,2.18964,2.09345,2.10539,2.08029,2.03935,2.03335,2.00294,1.89782,1.89368,1.83915,1.75802,1.63789,1.55956,1.46607,1.57728,1.51663,1.489,1.4241,1.41193,1.37794,1.36184,1.34237,1.36011,1.35171,1.23521,1.21132,1.30477,1.33717,1.29047,1.47415,1.48217,1.47956,1.44652,1.44398,1.57991,1.61705
Zimbabwe,ZWE,4.11,4.08,3.89,4.04,3.92,3.68,3.75,3.53,3.28,3.09,3.04,2.92,2.84,2.72,2.69,2.84,2.99,3.31,3.16,3.11,3.33,3.25,3.27,2.8,2.68,2.62,2.69,2.57,2.6,2.83,2.65,2.65,2.41,2.13,2.05,2.11,2.01,1.98,1.75,1.79,1.98,2.11,2.12,2.11,1.91,1.94,1.81,1.74,1.85